{"_step":4,"_runtime":3983.6520899,"val_loss":0.0003726088779512793,"val_acc":1,"train_acc":1,"_timestamp":1.749901557313455e+09,"epoch":5,"_wandb":{"runtime":3986},"train_loss":0.00041254657187632154}